{
  "3c2d": {
    "accuracy": 85.29269179493394,
    "confusion_matrix": [
      [
        14947,
        2206
      ],
      [
        2648,
        13203
      ]
    ],
    "f1_macro": 0.8525150980119653,
    "f1_binary": 0.844721689059501,
    "auc": 0.9315976045109318,
    "logit_stats": {
      "benign_mean": -2.672616958618164,
      "benign_std": 2.5571863651275635,
      "malware_mean": 3.7370407581329346,
      "malware_std": 4.191511154174805
    }
  },
  "resnet18_pretrained": {
    "accuracy": 85.25936250151497,
    "confusion_matrix": [
      [
        15075,
        2078
      ],
      [
        2787,
        13064
      ]
    ],
    "f1_macro": 0.8520443084947313,
    "f1_binary": 0.8430290710805666,
    "auc": 0.932604946747958,
    "logit_stats": {
      "benign_mean": -2.602834463119507,
      "benign_std": 2.339385986328125,
      "malware_mean": 3.7453482151031494,
      "malware_std": 4.050597190856934
    }
  }
}